id,title,panels
368652177,Kids The Original Boston Scally Cap - Brown,1
368651265,Kids The Original Boston Scally Cap - Grey,1
6894185775191,The Ace Boston Scally Cap - Black,6
6849746042967,The Bareknuckle Boston Scally Cap - Black,6
6849745813591,The Bareknuckle Boston Scally Cap - Blue,6
4405309571159,The Bareknuckle Boston Scally Cap - Charcoal & Slate,6
4405310849111,The Bareknuckle Boston Scally Cap - Copper & Ash,6
4405311438935,The Bareknuckle Boston Scally Cap - Iron & Gravel,6
4627085361239,The Blacktop Boston Scally Cap - Asphalt,1
4627085066327,The Blacktop Boston Scally Cap - Black,1
6719364595799,The Boondock Boston Scally Cap - Brighton Ale,6
6535373226071,The Boondock Boston Scally Cap - Dark Green,6
7335158480983,The Boondock Boston Scally Cap - Patchwork,6
1966772256855,The Boondock Collectors Edition Boston Scally Cap - Black,6
4346350436439,The Boondock Collectors Edition Boston Scally Cap - Grey,6
4658751504471,The Bourbon Boston Scally Cap - Cask & Barley Plaid,6
4658750128215,The Bourbon Boston Scally Cap - Royal Rye Plaid,6
4658748325975,The Bourbon Boston Scally Cap - Smoke & Peat Plaid,6
4658748981335,The Bourbon Boston Scally Cap - Steel Oak Plaid,6
158729945,The Brawler Boston Scally Cap - Black,1
369255907341,The Brogue Boston Scally Cap - Forest Green & Black Plaid,6
368939171853,The Bruin Dubliner Boston Scally Cap - Black,6
368938254349,The Bruin Dubliner Boston Scally Cap - Grey,6
282714685,The Bruiser Boston Scally Cap - Black,1
4457688825943,The Bruiser Boston Scally Cap - Stone Grey,1
1972072906839,The Caddy Boston Scally Cap - Mariner Blue,8
770338455666,The Cape Codder Boston Scally Cap - Anchor & Saltbox Blue,6
10321642445,The Cape Codder Boston Scally Cap - Fish Hook & Grey Sand,6
1971212714071,The Cape Codder Boston Scally Cap - Ship Wheel & Driftwood Grey,6
6923982635095,The Celtic Bone Boston Scally Cap - Green,6
2398805441,The Contender Black Watch Boston Scally Cap - Clover & Navy,1
2398652097,The Contender Boston Scally Cap - Ale-Wood Plaid,1
2398739841,The Contender Boston Scally Cap - Black & Smoke Plaid,1
6750521131095,The Distillery Boston Scally Cap - Blue Mash Plaid,8
6750520901719,The Distillery Boston Scally Cap - Firewater Plaid,8
6750520639575,The Distillery Boston Scally Cap - Moonshine Plaid,8
412269957,The Donnybrook Boston Scally Cap - Dark Olive Green Herringbone,6
1966773960791,The Dorchester Collectors Edition Boston Scally Cap - Dorchester Green,6
6846567546967,The Flap Cap Boston Scally Cap - Grey Herringbone,1
10622140365,The G.O.A.T. Collectors Edition Boston Scally Cap - Patriot Blue Herringbone,1
6888430174295,The Harpoon Boston Scally Cap - Grey,6
4285262200919,The Homage Boston Scally Cap - Black & Navy Houndstooth,6
6859961172055,The Irish Boston Scally Cap - Green Herringbone,1
6989277233239,The Irish Boston Scally Cap - White Herringbone,1
6573442760791,The Jetty Cape Cod Boston Scally Cap - Plaid,6
6796657786967,The Keeper Boston Scally Cap - Driftwood Grey,1
6796658933847,The Keeper Boston Scally Cap - Midnight Sky Black,1
8477306893,The Kenmore Boston Scally Cap - Allston Grey & Black Brim,6
8335737537,The Kenmore Boston Scally Cap - Allston Grey & Brown Brim,6
6606579925079,The Kenmore Boston Scally Cap - Allston Grey & Grey Brim,6
6589280059479,The Kenmore Boston Scally Cap - Brighton Ale & Cigar Brown Brim,6
8477303949,The Kenmore Boston Scally Cap - Coolidge Black & Black Brim,6
8335709697,The Kenmore Boston Scally Cap - Coolidge Black & Brown Brim,6
6606577958999,The Kenmore Boston Scally Cap - Coolidge Black & Grey Brim,6
1592693555287,The Kenmore Boston Scally Cap - Crimson & Black Brim,6
197811765261,The Kenmore Boston Scally Cap - Crimson & Brown Brim,6
8335761857,The Kenmore Boston Scally Cap - Hunter Green,6
6606578483287,The Kenmore Boston Scally Cap - Navy Blue & Grey Brim,6
8335714561,The Kenmore Boston Scally Cap - Royal Blue,6
7152343285847,The Kenmore Boston Scally Cap - Slate Blue and Black Leather Brim,6
11216401933,The Legacy Boston Scally Cap - Allston Grey,1
1398257909847,The Legacy Boston Scally Cap - Brighton Ale,1
1398256992343,The Legacy Boston Scally Cap - Charlestown Blue,1
11216396941,The Legacy Boston Scally Cap - Coolidge Black,1
1398254993495,The Legacy Boston Scally Cap - Dorchester Green,1
1398253846615,The Legacy Boston Scally Cap - Grey & Patriot Blue Herringbone,1
7323525349463,The Legacy Boston Scally Cap - Light Grey,1
1370401505367,The MVP Collectors Edition Boston Scally Cap - Navy,6
6894189117527,The Newsboy Boston Scally Cap - Blue,8
6894189281367,The Newsboy Boston Scally Cap - Green,8
6894188003415,The Newsboy Boston Scally Cap - Grey/Brown,8
279559129,The Original Boston Scally Cap - Brown,1
4162233537,The Original Boston Scally Cap - Dark Olive Green Herringbone,1
158732133,The Original Boston Scally Cap - Grey Herringbone,1
391867662349,The Papi Boston Scally Cap - Navy Blue,6
4392460484695,The Peaky Boston Scally Cap - Allston Grey,8
4675375890519,The Peaky Boston Scally Cap - Charcoal & Slate,8
4675380183127,The Peaky Boston Scally Cap - Copper & Ash,8
6609358323799,The Peaky Boston Scally Cap - Dark Olive Green Herringbone,8
4675381821527,The Peaky Boston Scally Cap - Iron & Gravel,8
4488746074199,The Plaid Trainer Boston Scally Cap - Dark Grey & Black,6
4488748302423,The Plaid Trainer Boston Scally Cap - Light Grey & Black,6
7193865486423,The Popeye® Boston Scally Cap - Patchwork,6
6894185807959,The Pub Boston Scally Cap - Black,1
6894187446359,The Pub Boston Scally Cap - Grey,1
6894187905111,The Pub Boston Scally Cap - Heather Blue,1
6918554157143,The Punk Boston Scally Cap - Black,6
6807285039191,The Punk Boston Scally Cap - Irish Green,6
6918554812503,The Punk Boston Scally Cap - St. Patrick Blue,6
3954295373911,The Responder Blue Scally Cap - Police,6
1386836066391,The Responder Boston Scally Cap - EMS Grey,6
3954296979543,The Responder Boston Scally Cap - Fire Black,6
10788981069,The Responder Boston Scally Cap - Fire Blue,6
10788940557,The Responder Boston Scally Cap - Police Black,6
1386837573719,The Responder Classic Boston Scally Cap - Fire Grey,6
1386837835863,The Responder Classic Boston Scally Cap - Police Grey,6
379418785,The Scrapper Boston Scally Cap - Black,6
379420673,The Scrapper Boston Scally Cap - Blue,6
379418609,The Scrapper Boston Scally Cap - Charcoal,6
379420973,The Scrapper Boston Scally Cap - Light Grey,6
379421093,The Scrapper Boston Scally Cap - Tan,6
6903671849047,The St. Anthony's Feast Boston Scally Cap - Black,6
6757198364759,The Stand Boston Scally Cap - Blue Harvest Plaid,8
6757198069847,The Stand Boston Scally Cap - Garden Fresh Plaid,8
6758400229463,The Stand Boston Scally Cap - Wild Berry Plaid,8
6589281534039,The Sunday Boston Scally Cap - Black Smoke & Red,8
6589281239127,The Sunday Boston Scally Cap - Brown Amber & Navy,8
6544396288087,The Sunday Boston Scally Cap - Purple Plaid,8
9543141005,The Teddy Boston Scally Cap - Red,6
334033301,The Townie Boston Scally Cap - Light Tan,1
332378821,The Townie Boston Scally Cap - Navy Blue,1
1972066287703,The Trainer Boston Scally Cap - Black,6
2014270390359,The Trainer Boston Scally Cap - Light Blue,6
1972064550999,The Trainer Boston Scally Cap - Navy,6
4413144793175,The Trinity Boston Scally Cap - Black & Smoke,6
6960678142039,The UFC Eight Panel Boston Scally Cap - Black,8
6960677879895,The UFC Six Panel Boston Scally Cap - Black,6
6960677355607,The UFC Ulti-Man Boston Scally Cap - Grey Herringbone,1
6841482477655,The Wonderland Boston Scally Cap - Red & Green Plaid,8
3960062541911,The Worker Boston Scally Cap - Black,6
4609151107159,The Worker Boston Scally Cap - Concrete,6
3960059428951,The Worker Boston Scally Cap - Craft Tan,6
4609145012311,The Worker Boston Scally Cap - Fresh Cut,6
3960061722711,The Worker Boston Scally Cap - Navy,6
4609147961431,The Worker Boston Scally Cap - Slate,6
6594592374871,The Worker Boston Scally Cap - Steel Cut Teal,6
7458080424023,The Workshop: Holiday Edition Boston Scally Cap - Patchwork,8
7483238187095,The Workshop: St. Patrick's Edition Boston Scally Cap - Patchwork,8